{"train/loss_cls": 0.5028823202848435, "train/loss_bbox": 0.5648026967048645, "train/loss": 1.0676850128173827, "learning_rate": 0.00021734443478447533, "momentum": 0.9, "_timestamp": 1684190201.9492362, "_runtime": 1697.178334236145, "_step": 1282}