{"train/loss_cls": 0.7307542598247528, "train/loss_bbox": 0.9146568846702575, "train/loss": 1.645411148071289, "learning_rate": 0.001477616557993531, "momentum": 0.9, "_timestamp": 1684163549.95434, "_runtime": 1333.2997999191284, "_step": 982, "val/bbox_mAP": 0.004, "val/bbox_mAP_50": 0.013, "val/bbox_mAP_75": 0.001, "val/bbox_mAP_s": 0.0, "val/bbox_mAP_m": 0.0, "val/bbox_mAP_l": 0.004, "_wandb": {"runtime": 1366}}