{"train/loss_cls": 0.7202656710147858, "train/loss_bbox": 1.0925639390945434, "train/loss": 1.8128296160697936, "train/grad_norm": 7.81160903930664, "learning_rate": 0.0029870200000000004, "momentum": 0.9, "_timestamp": 1684089852.845714, "_runtime": 174.74544620513916, "_step": 150, "_wandb": {"runtime": 197}}