{"train/loss_cls": 0.9108163940906525, "train/loss_bbox": 0.7927394127845764, "train/loss": 1.7035558128356934, "learning_rate": 0.0008950345905022354, "momentum": 0.9, "_timestamp": 1684175461.9243996, "_runtime": 11768.767712593079, "_step": 8520, "val/bbox_mAP": 0.084, "val/bbox_mAP_50": 0.133, "val/bbox_mAP_75": 0.086, "val/bbox_mAP_s": 0.001, "val/bbox_mAP_m": 0.01, "val/bbox_mAP_l": 0.102, "_wandb": {"runtime": 11789}}