{"train/loss_cls": 0.1302716973796487, "train/loss_bbox": 0.15797542311251164, "train/loss": 0.2882471203804016, "train/grad_norm": 3.1280394220352172, "learning_rate": 0.001, "momentum": 0.9, "_timestamp": 1683716402.9581957, "_runtime": 24037.86079764366, "_step": 19541, "val/bbox_mAP": 0.363, "val/bbox_mAP_50": 0.462, "val/bbox_mAP_75": 0.381, "val/bbox_mAP_s": 0.016, "val/bbox_mAP_m": 0.06, "val/bbox_mAP_l": 0.435, "_wandb": {"runtime": 24048}}