{"train/loss_cls": 0.16015494644641876, "train/loss_bbox": 0.16074069730937482, "train/loss": 0.32089564472436904, "train/grad_norm": 3.5773201179504395, "learning_rate": 0.001, "momentum": 0.9, "_timestamp": 1683908114.3249278, "_runtime": 20800.741701841354, "_step": 19541, "val/bbox_mAP": 0.306, "val/bbox_mAP_50": 0.405, "val/bbox_mAP_75": 0.321, "val/bbox_mAP_s": 0.006, "val/bbox_mAP_m": 0.056, "val/bbox_mAP_l": 0.367, "_wandb": {"runtime": 20813}}