{"train/loss_cls": 0.47973222374916075, "train/loss_bbox": 0.29430234372615816, "train/loss": 0.7740345668792724, "train/grad_norm": 7.510870418548584, "learning_rate": 0.0001, "momentum": 0.9, "_timestamp": 1684154999.1181622, "_runtime": 6018.270172119141, "_step": 4408, "val/bbox_mAP": 0.182, "val/bbox_mAP_50": 0.276, "val/bbox_mAP_75": 0.192, "val/bbox_mAP_s": 0.007, "val/bbox_mAP_m": 0.044, "val/bbox_mAP_l": 0.217, "_wandb": {"runtime": 6059}}