{"train/loss_cls": 0.6752220338582993, "train/loss_bbox": 0.33941466480493543, "train/loss": 1.014636697769165, "train/grad_norm": 3.3526506567001344, "learning_rate": 0.00010000000000000002, "momentum": 0.9, "_timestamp": 1684006997.3009698, "_runtime": 30822.105467796326, "_step": 19541, "val/bbox_mAP": 0.079, "val/bbox_mAP_50": 0.124, "val/bbox_mAP_75": 0.079, "val/bbox_mAP_s": 0.003, "val/bbox_mAP_m": 0.005, "val/bbox_mAP_l": 0.096, "_wandb": {"runtime": 30837}}