{"train/loss_cls": 0.2947758865356445, "train/loss_bbox": 0.22770968034863473, "train/loss": 0.5224855679273606, "train/grad_norm": 3.6504277563095093, "learning_rate": 0.00010000000000000002, "momentum": 0.9, "_timestamp": 1684072984.228883, "_runtime": 22303.80206012726, "_step": 19541, "val/bbox_mAP": 0.336, "val/bbox_mAP_50": 0.469, "val/bbox_mAP_75": 0.345, "val/bbox_mAP_s": 0.039, "val/bbox_mAP_m": 0.058, "val/bbox_mAP_l": 0.401, "_wandb": {"runtime": 22315}}