{"train/loss_cls": 0.1798299863189459, "train/loss_bbox": 0.20785285472869874, "train/loss": 0.38768283993005753, "train/grad_norm": 5.412535910606384, "learning_rate": 1.0000000000000002e-06, "momentum": 0.9, "_timestamp": 1684144496.6758063, "_runtime": 21913.457419395447, "_step": 15641, "val/bbox_mAP": 0.403, "val/bbox_mAP_50": 0.541, "val/bbox_mAP_75": 0.417, "val/bbox_mAP_s": 0.021, "val/bbox_mAP_m": 0.094, "val/bbox_mAP_l": 0.473, "_wandb": {"runtime": 21925}}