{"train/loss_cls": 0.39838213443756104, "train/loss_bbox": 0.2667589730024338, "train/loss": 0.6651411056518555, "train/grad_norm": 4.478498091697693, "learning_rate": 6.064411879534534e-05, "momentum": 0.9, "_timestamp": 1684205380.53525, "_runtime": 8656.584998846054, "_step": 6224, "val/bbox_mAP": 0.208, "val/bbox_mAP_50": 0.302, "val/bbox_mAP_75": 0.222, "val/bbox_mAP_s": 0.016, "val/bbox_mAP_m": 0.038, "val/bbox_mAP_l": 0.248, "_wandb": {"runtime": 8693}}