{"train/loss_cls": 0.9127489817142487, "train/loss_bbox": 0.8967325890064239, "train/loss": 1.8094815707206726, "train/grad_norm": 7.027245845794678, "learning_rate": 0.01, "momentum": 0.9, "_timestamp": 1684107050.5524414, "_runtime": 17016.220383405685, "_step": 9115, "val/bbox_mAP": 0.0, "val/bbox_mAP_50": 0.0, "val/bbox_mAP_75": 0.0, "val/bbox_mAP_s": 0.0, "val/bbox_mAP_m": 0.0, "val/bbox_mAP_l": 0.0, "_wandb": {"runtime": 17066}}