{"train/loss_cls": 0.9057042515277862, "train/loss_bbox": 0.6528000009059906, "train/loss": 1.5585042572021484, "train/grad_norm": 4.2064637541770935, "learning_rate": 0.01, "momentum": 0.9, "_timestamp": 1683931986.6432045, "_runtime": 15440.293131351471, "_step": 5185, "val/bbox_mAP": 0.014, "val/bbox_mAP_50": 0.03, "val/bbox_mAP_75": 0.013, "val/bbox_mAP_s": 0.0, "val/bbox_mAP_m": 0.0, "val/bbox_mAP_l": 0.018, "_wandb": {"runtime": 15574}}