{"train/loss_cls": 0.4577759647369385, "train/loss_bbox": 0.47283040672540666, "train/loss": 0.9306063723564147, "learning_rate": 0.0002, "momentum": 0.9, "_timestamp": 1684161327.4373262, "_runtime": 4177.274685144424, "_step": 3096, "val/bbox_mAP": 0.158, "val/bbox_mAP_50": 0.253, "val/bbox_mAP_75": 0.162, "val/bbox_mAP_s": 0.024, "val/bbox_mAP_m": 0.032, "val/bbox_mAP_l": 0.188, "_wandb": {"runtime": 4193}}