{"train/loss_cls": 0.4119655194878578, "train/loss_bbox": 0.2888484627008438, "train/loss": 0.7008139806985855, "train/grad_norm": 5.681975197792053, "learning_rate": 2.1042239959291077e-05, "momentum": 0.9, "_timestamp": 1684196666.6006317, "_runtime": 5645.430746793747, "_step": 4010, "val/bbox_mAP": 0.221, "val/bbox_mAP_50": 0.32, "val/bbox_mAP_75": 0.233, "val/bbox_mAP_s": 0.024, "val/bbox_mAP_m": 0.036, "val/bbox_mAP_l": 0.264, "_wandb": {"runtime": 5688}}