{"train/loss_cls": 0.5540497332811356, "train/loss_bbox": 0.6209242707490921, "train/loss": 1.1749740099906922, "train/grad_norm": 9.5590891122818, "learning_rate": 0.0002774677154008024, "momentum": 0.9, "_timestamp": 1684206873.5825915, "_runtime": 1351.8936834335327, "_step": 982}