{"train/loss_cls": 0.3155211155116558, "train/loss_bbox": 0.1881516967713833, "train/loss": 0.5036728104948998, "train/grad_norm": 4.871952562332154, "learning_rate": 0.00010000000000000002, "momentum": 0.9, "_timestamp": 1683975196.0616188, "_runtime": 43054.498879909515, "_step": 19541, "val/bbox_mAP": 0.28, "val/bbox_mAP_50": 0.373, "val/bbox_mAP_75": 0.293, "val/bbox_mAP_s": 0.023, "val/bbox_mAP_m": 0.048, "val/bbox_mAP_l": 0.336, "_wandb": {"runtime": 43070}}